Workbook

Sheet Center of Boyancy
B2: Center of Boyancy
B4: Draft (T=6.0 cm, Disp.=4.619 kg) | G4: Draft (T=6.5 cm, Disp.=5.14 kg)
B5: Roll [deg] | C5: x [cm] | D5: y [cm] | E5: z [cm] | G5: Roll [deg] | H5: x [cm] | I5: y [cm] | J5: z [cm]
B6: 0 | C6: -0.000337 | D6: -41.192 | E6: 3.379 | G6: 0 | H6: 0.0003302 | I6: -40.738 | J6: 3.67
B7: 5 | C7: 0.337 | D7: -41.145 | E7: 3.399 | G7: 5 | H7: 0.321 | I7: -40.685 | J7: 3.689
B8: 10 | C8: 0.678 | D8: -40.995 | E8: 3.458 | G8: 10 | H8: 0.641 | I8: -40.574 | J8: 3.743
B9: 15 | C9: 1.019 | D9: -40.799 | E9: 3.554 | G9: 15 | H9: 0.958 | I9: -40.43 | J9: 3.83
B10: 20 | C10: 1.36 | D10: -40.574 | E10: 3.689 | G10: 20 | H10: 1.276 | I10: -40.258 | J10: 3.953
B11: 25 | C11: 1.703 | D11: -40.321 | E11: 3.867 | G11: 25 | H11: 1.598 | I11: -40.055 | J11: 4.116
B12: 30 | C12: 2.05 | D12: -40.038 | E12: 4.094 | G12: 30 | H12: 1.927 | I12: -39.823 | J12: 4.328
B13: 35 | C13: 2.398 | D13: -39.726 | E13: 4.379 | G13: 33 | H13: 2.128 | I13: -39.667 | J13: 4.481
B15: Draft (T=7.0 cm, Disp.=5.667 kg) | G15: Draft (T=7.5 cm, Disp.=6.223 kg)
B16: Roll [deg] | C16: x [cm] | D16: y [cm] | E16: z [cm] | G16: Roll [deg] | H16: x [cm] | I16: y [cm] | J16: z [cm]
B17: 0 | C17: -6.216e-05 | D17: -40.28 | E17: 3.962 | G17: 0 | H17: 5.003e-05 | I17: -39.869 | J17: 4.25
B18: 5 | C18: 0.304 | D18: -40.257 | E18: 3.978 | G18: 5 | H18: 0.283 | I18: -39.87 | J18: 4.263
B19: 10 | C19: 0.602 | D19: -40.194 | E19: 4.025 | G19: 10 | H19: 0.564 | I19: -39.849 | J19: 4.304
B20: 15 | C20: 0.9 | D20: -40.097 | E20: 4.103 | G20: 15 | H20: 0.844 | I20: -39.793 | J20: 4.375
B21: 20 | C21: 1.199 | D21: -39.97 | E21: 4.216 | G21: 20 | H21: 1.127 | I21: -39.705 | J21: 4.478
B22: 25 | C22: 1.503 | D22: -39.812 | E22: 4.367 | G22: 25 | H22: 1.415 | I22: -39.586 | J22: 4.618
B23: 30 | C23: 1.815 | D23: -39.623 | E23: 4.564 | G23: 27 | H23: 1.533 | I23: -39.531 | J23: 4.686

Sheet GZ Curve
C2: Z (Max=10) | D2: X (Max=7.7 cm)
B3: CG (cm) | C3: 5 | D3: 0
B4: T [m] | C4: Disp. [kg] | D4: Ixx [cm^4] | E4: BMT [cm] | F4: Side Area [cm^2] | G4: Vertical Center of side area [cm]
B5: 6 | C5: 4.619 | D5: 17775.993 | E5: =D5/C5/1000 -> 3.8484505 | F5: 536.868 | G5: 9.804
B6: 6.5 | C6: 5.14 | D6: 18878.362 | E6: =D6/C6/1000 -> 3.6728331 | F6: 496.953 | G6: 10.089
B7: 7 | C7: 5.667 | D7: 20002.808 | E7: =D7/C7/1000 -> 3.5296997 | F7: 456.889 | G7: 10.382
B8: 7.5 | C8: 6.223 | D8: 20142.647 | E8: =D8/C8/1000 -> 3.2368065 | F8: 416.758 | G8: 10.683
B10: Draft (T=6.0 cm, Disp.=4.619 kg) | F10: Draft (T=6.5 cm, Disp.=5.140 kg) | J10: Moment of CG
B11: φ [deg] | C11: KB [cm] | D11: GZ [cm] | F11: φ [deg] | G11: KB [cm] | H11: GZ [cm] | J11: φ [deg] | K11: M [kg*cm]
B12: ='Center of Boyancy'!B6 -> 0 | C12: ='Center of Boyancy'!E6 -> 3.379 | D12: =(C12+$E$5*(1+TAN(RADIANS(B12))^2)-$C$3)*SIN(RADIANS(B12)) -> 0 | F12: ='Center of Boyancy'!G6 -> 0 | G12: ='Center of Boyancy'!J6 -> 3.67 | H12: =(G12+$E$6*(1+TAN(RADIANS(F12))^2)-$C$3)*SIN(RADIANS(F12)) -> 0 | J12: 0 | K12: =$C$5*$D$3*COS(RADIANS(J12))/100 -> 0
B13: ='Center of Boyancy'!B7 -> 5 | C13: ='Center of Boyancy'!E7 -> 3.399 | D13: =(C13+$E$5*(1+TAN(RADIANS(B13))^2)-$C$3)*SIN(RADIANS(B13)) -> 0.19844557 | F13: ='Center of Boyancy'!G7 -> 5 | G13: ='Center of Boyancy'!J7 -> 3.689 | H13: =(G13+$E$6*(1+TAN(RADIANS(F13))^2)-$C$3)*SIN(RADIANS(F13)) -> 0.20829751 | J13: 5 | K13: =$C$5*$D$3*COS(RADIANS(J13))/100 -> 0
B14: ='Center of Boyancy'!B8 -> 10 | C14: ='Center of Boyancy'!E8 -> 3.458 | D14: =(C14+$E$5*(1+TAN(RADIANS(B14))^2)-$C$3)*SIN(RADIANS(B14)) -> 0.42128845 | F14: ='Center of Boyancy'!G8 -> 10 | G14: ='Center of Boyancy'!J8 -> 3.743 | H14: =(G14+$E$6*(1+TAN(RADIANS(F14))^2)-$C$3)*SIN(RADIANS(F14)) -> 0.43933438 | J14: 10 | K14: =$C$5*$D$3*COS(RADIANS(J14))/100 -> 0
B15: ='Center of Boyancy'!B9 -> 15 | C15: ='Center of Boyancy'!E9 -> 3.554 | D15: =(C15+$E$5*(1+TAN(RADIANS(B15))^2)-$C$3)*SIN(RADIANS(B15)) -> 0.69331329 | F15: ='Center of Boyancy'!G9 -> 15 | G15: ='Center of Boyancy'!J9 -> 3.83 | H15: =(G15+$E$6*(1+TAN(RADIANS(F15))^2)-$C$3)*SIN(RADIANS(F15)) -> 0.71603081 | J15: 15 | K15: =$C$5*$D$3*COS(RADIANS(J15))/100 -> 0
B16: ='Center of Boyancy'!B10 -> 20 | C16: ='Center of Boyancy'!E10 -> 3.689 | D16: =(C16+$E$5*(1+TAN(RADIANS(B16))^2)-$C$3)*SIN(RADIANS(B16)) -> 1.0422282 | F16: ='Center of Boyancy'!G10 -> 20 | G16: ='Center of Boyancy'!J10 -> 3.953 | H16: =(G16+$E$6*(1+TAN(RADIANS(F16))^2)-$C$3)*SIN(RADIANS(F16)) -> 1.0644998 | J16: 20 | K16: =$C$5*$D$3*COS(RADIANS(J16))/100 -> 0
B17: ='Center of Boyancy'!B11 -> 25 | C17: ='Center of Boyancy'!E11 -> 3.867 | D17: =(C17+$E$5*(1+TAN(RADIANS(B17))^2)-$C$3)*SIN(RADIANS(B17)) -> 1.5012535 | F17: ='Center of Boyancy'!G11 -> 25 | G17: ='Center of Boyancy'!J11 -> 4.116 | H17: =(G17+$E$6*(1+TAN(RADIANS(F17))^2)-$C$3)*SIN(RADIANS(F17)) -> 1.5161279 | J17: 25 | K17: =$C$5*$D$3*COS(RADIANS(J17))/100 -> 0
B18: ='Center of Boyancy'!B12 -> 30 | C18: ='Center of Boyancy'!E12 -> 4.094 | D18: =(C18+$E$5*(1+TAN(RADIANS(B18))^2)-$C$3)*SIN(RADIANS(B18)) -> 2.1126337 | F18: ='Center of Boyancy'!G12 -> 30 | G18: ='Center of Boyancy'!J12 -> 4.328 | H18: =(G18+$E$6*(1+TAN(RADIANS(F18))^2)-$C$3)*SIN(RADIANS(F18)) -> 2.1125554 | J18: 30 | K18: =$C$5*$D$3*COS(RADIANS(J18))/100 -> 0
B19: ='Center of Boyancy'!B13 -> 35 | C19: ='Center of Boyancy'!E13 -> 4.379 | D19: =(C19+$E$5*(1+TAN(RADIANS(B19))^2)-$C$3)*SIN(RADIANS(B19)) -> 2.9334475 | F19: ='Center of Boyancy'!G13 -> 33 | G19: ='Center of Boyancy'!J13 -> 4.481 | H19: =(G19+$E$6*(1+TAN(RADIANS(F19))^2)-$C$3)*SIN(RADIANS(F19)) -> 2.5613164 | J19: 35 | K19: =$C$5*$D$3*COS(RADIANS(J19))/100 -> 0
J20: 40 | K20: =$C$5*$D$3*COS(RADIANS(J20))/100 -> 0
B21: Draft (T=7.0 cm, Disp.=5.667 kg) | F21: Draft (T=7.5 cm, Disp.=6.223 kg)
B22: φ [deg] | C22: KB [cm] | D22: GZ [cm] | F22: φ [deg] | G22: KB [cm] | H22: GZ [cm]
B23: ='Center of Boyancy'!B17 -> 0 | C23: ='Center of Boyancy'!E17 -> 3.962 | D23: =(C23+$E$7*(1+TAN(RADIANS(B23))^2)-$C$3)*SIN(RADIANS(B23)) -> 0 | F23: ='Center of Boyancy'!G17 -> 0 | G23: ='Center of Boyancy'!J17 -> 4.25 | H23: =(G23+$E$8*(1+TAN(RADIANS(F23))^2)-$C$3)*SIN(RADIANS(F23)) -> 0
B24: ='Center of Boyancy'!B18 -> 5 | C24: ='Center of Boyancy'!E18 -> 3.978 | D24: =(C24+$E$7*(1+TAN(RADIANS(B24))^2)-$C$3)*SIN(RADIANS(B24)) -> 0.22091514 | F24: ='Center of Boyancy'!G18 -> 5 | G24: ='Center of Boyancy'!J18 -> 4.263 | H24: =(G24+$E$8*(1+TAN(RADIANS(F24))^2)-$C$3)*SIN(RADIANS(F24)) -> 0.22003181
B25: ='Center of Boyancy'!B19 -> 10 | C25: ='Center of Boyancy'!E19 -> 4.025 | D25: =(C25+$E$7*(1+TAN(RADIANS(B25))^2)-$C$3)*SIN(RADIANS(B25)) -> 0.46267555 | F25: ='Center of Boyancy'!G19 -> 10 | G25: ='Center of Boyancy'!J19 -> 4.304 | H25: =(G25+$E$8*(1+TAN(RADIANS(F25))^2)-$C$3)*SIN(RADIANS(F25)) -> 0.45868172
B26: ='Center of Boyancy'!B20 -> 15 | C26: ='Center of Boyancy'!E20 -> 4.103 | D26: =(C26+$E$7*(1+TAN(RADIANS(B26))^2)-$C$3)*SIN(RADIANS(B26)) -> 0.746983 | F26: ='Center of Boyancy'!G20 -> 15 | G26: ='Center of Boyancy'!J20 -> 4.375 | H26: =(G26+$E$8*(1+TAN(RADIANS(F26))^2)-$C$3)*SIN(RADIANS(F26)) -> 0.73613281
B27: ='Center of Boyancy'!B21 -> 20 | C27: ='Center of Boyancy'!E21 -> 4.216 | D27: =(C27+$E$7*(1+TAN(RADIANS(B27))^2)-$C$3)*SIN(RADIANS(B27)) -> 1.0990114 | F27: ='Center of Boyancy'!G21 -> 20 | G27: ='Center of Boyancy'!J21 -> 4.478 | H27: =(G27+$E$8*(1+TAN(RADIANS(F27))^2)-$C$3)*SIN(RADIANS(F27)) -> 1.0751746
B28: ='Center of Boyancy'!B22 -> 25 | C28: ='Center of Boyancy'!E22 -> 4.367 | D28: =(C28+$E$7*(1+TAN(RADIANS(B28))^2)-$C$3)*SIN(RADIANS(B28)) -> 1.548561 | F28: ='Center of Boyancy'!G22 -> 25 | G28: ='Center of Boyancy'!J22 -> 4.618 | H28: =(G28+$E$8*(1+TAN(RADIANS(F28))^2)-$C$3)*SIN(RADIANS(F28)) -> 1.5039407
B29: ='Center of Boyancy'!B23 -> 30 | C29: ='Center of Boyancy'!E23 -> 4.564 | D29: =(C29+$E$7*(1+TAN(RADIANS(B29))^2)-$C$3)*SIN(RADIANS(B29)) -> 2.1351331 | F29: ='Center of Boyancy'!G23 -> 27 | G29: ='Center of Boyancy'!J23 -> 4.686 | H29: =(G29+$E$8*(1+TAN(RADIANS(F29))^2)-$C$3)*SIN(RADIANS(F29)) -> 1.708427
B31: Moment due to wind
B32: T [cm] | C32: 6 | D32: 6.5 | E32: 7 | F32: 7.5
B33: Wind Speed [kn] | C33: M [kg*cm]
B34: 0 | C34: =0.5*1.225*$B34^2*$F$5*$G$5*1.3*0.00001*0.514 -> 0 | D34: =0.5*1.225*$B34^2*$F$6*$G$6*1.3*0.00001*0.514 -> 0 | E34: =0.5*1.225*$B34^2*$F$7*$G$7*1.3*0.00001*0.514 -> 0 | F34: =0.5*1.225*$B34^2*$F$8*$G$8*1.3*0.00001*0.514 -> 0
B35: 5 | C35: =0.5*1.225*$B35^2*$F$5*$G$5*1.3*0.00001*0.514 -> 0.53854673 | D35: =0.5*1.225*$B35^2*$F$6*$G$6*1.3*0.00001*0.514 -> 0.5129984 | E35: =0.5*1.225*$B35^2*$F$7*$G$7*1.3*0.00001*0.514 -> 0.485338 | F35: =0.5*1.225*$B35^2*$F$8*$G$8*1.3*0.00001*0.514 -> 0.45554339
B36: 10 | C36: =0.5*1.225*$B36^2*$F$5*$G$5*1.3*0.00001*0.514 -> 2.1541869 | D36: =0.5*1.225*$B36^2*$F$6*$G$6*1.3*0.00001*0.514 -> 2.0519936 | E36: =0.5*1.225*$B36^2*$F$7*$G$7*1.3*0.00001*0.514 -> 1.941352 | F36: =0.5*1.225*$B36^2*$F$8*$G$8*1.3*0.00001*0.514 -> 1.8221735
B37: 15 | C37: =0.5*1.225*$B37^2*$F$5*$G$5*1.3*0.00001*0.514 -> 4.8469206 | D37: =0.5*1.225*$B37^2*$F$6*$G$6*1.3*0.00001*0.514 -> 4.6169856 | E37: =0.5*1.225*$B37^2*$F$7*$G$7*1.3*0.00001*0.514 -> 4.368042 | F37: =0.5*1.225*$B37^2*$F$8*$G$8*1.3*0.00001*0.514 -> 4.0998905
B38: 20 | C38: =0.5*1.225*$B38^2*$F$5*$G$5*1.3*0.00001*0.514 -> 8.6167477 | D38: =0.5*1.225*$B38^2*$F$6*$G$6*1.3*0.00001*0.514 -> 8.2079744 | E38: =0.5*1.225*$B38^2*$F$7*$G$7*1.3*0.00001*0.514 -> 7.7654081 | F38: =0.5*1.225*$B38^2*$F$8*$G$8*1.3*0.00001*0.514 -> 7.2886942
B39: 25 | C39: =0.5*1.225*$B39^2*$F$5*$G$5*1.3*0.00001*0.514 -> 13.463668 | D39: =0.5*1.225*$B39^2*$F$6*$G$6*1.3*0.00001*0.514 -> 12.82496 | E39: =0.5*1.225*$B39^2*$F$7*$G$7*1.3*0.00001*0.514 -> 12.13345 | F39: =0.5*1.225*$B39^2*$F$8*$G$8*1.3*0.00001*0.514 -> 11.388585
B40: 30 | C40: =0.5*1.225*$B40^2*$F$5*$G$5*1.3*0.00001*0.514 -> 19.387682 | D40: =0.5*1.225*$B40^2*$F$6*$G$6*1.3*0.00001*0.514 -> 18.467942 | E40: =0.5*1.225*$B40^2*$F$7*$G$7*1.3*0.00001*0.514 -> 17.472168 | F40: =0.5*1.225*$B40^2*$F$8*$G$8*1.3*0.00001*0.514 -> 16.399562
B41: 35 | C41: =0.5*1.225*$B41^2*$F$5*$G$5*1.3*0.00001*0.514 -> 26.38879 | D41: =0.5*1.225*$B41^2*$F$6*$G$6*1.3*0.00001*0.514 -> 25.136922 | E41: =0.5*1.225*$B41^2*$F$7*$G$7*1.3*0.00001*0.514 -> 23.781562 | F41: =0.5*1.225*$B41^2*$F$8*$G$8*1.3*0.00001*0.514 -> 22.321626
B42: 40 | C42: =0.5*1.225*$B42^2*$F$5*$G$5*1.3*0.00001*0.514 -> 34.466991 | D42: =0.5*1.225*$B42^2*$F$6*$G$6*1.3*0.00001*0.514 -> 32.831898 | E42: =0.5*1.225*$B42^2*$F$7*$G$7*1.3*0.00001*0.514 -> 31.061632 | F42: =0.5*1.225*$B42^2*$F$8*$G$8*1.3*0.00001*0.514 -> 29.154777
